{
  "Workflows": [
    {
      "Path": null,
      "SortBy": 0,
      "VariablesSectionElementsOrder": [],
      "ArgumentsSectionElementsOrder": null,
      "ConstantsSectionElementsOrder": [],
      "AddedNamespaces": null
    },
    {
      "Path": "Main.xaml",
      "SortBy": 0,
      "VariablesSectionElementsOrder": [
        "VATAmount&Sequence_2",
        "TotalAmount&Sequence_2",
        "ReferenceNumber&Sequence_2",
        "DueDate&Sequence_2",
        "InvoiceDate&Sequence_2",
        "BankAccountNumber&Sequence_2",
        "CompanyName&Sequence_2",
        "dt_InvoiceHeader&Sequence_2",
        "dt_InvoiceRow&Sequence_2",
        "Files&Sequence_2",
        "pdfText&Sequence_2",
        "CompanyCode&Sequence_2",
        "RowText&Sequence_2",
        "SplittedInvoiceRow&Sequence_2",
        "InvoiceNumber&Sequence_2",
        "AmountExclVAT&Sequence_6",
        "RowNumber&Sequence_6",
        "Päiväys&Sequence_13",
        "Laskun_numero&Sequence_13",
        "Erapäivä&Sequence_13",
        "variable3&Sequence_13",
        "SplittedRow&Sequence_15"
      ],
      "ArgumentsSectionElementsOrder": [],
      "ConstantsSectionElementsOrder": [],
      "AddedNamespaces": null
    }
  ]
}